startnr,navn,klubb,tid
1,Torstein Sandvik,Stigningsklubben,43:26
2,Kristin Hansen,Løpeklubben Topp,36:30
3,Kristin Solheim,Stigningsklubben,46:10
4,Mari Øvrebø,,47:04
5,Lars Berg,Bygdelaget IL,45:31
6,Ola Tveit,Stigningsklubben,39:51
7,Ane Lund,,35:52
8,Mari Lien,Bygdelaget IL,49:37
9,Per Eide,Motbakke BIL,41:39
10,Ola Grov,Stigningsklubben,51:03
11,Marte Nordmann,Stigningsklubben,47:42
12,Nora Strand,Bygdelaget IL,41:37
13,Ragnhild Strand,Løpeklubben Topp,39:42
14,Hilde Tveit,Motbakke BIL,44:24
15,Hanne Nes,Stigningsklubben,39:09
16,Aksel Myklebust,Dalen Idrettslag,34:10
17,Ståle Strand,Stigningsklubben,45:53
18,Randi Olsen,IL Fjellgeita,46:04
19,Aksel Nordmann,Stigningsklubben,41:59
20,Trond Holm,Motbakke BIL,42:40
21,Randi Moen,Løpeklubben Topp,44:42
22,Hilde Moen,Motbakke BIL,46:05
23,Randi Eide,IL Fjellgeita,44:08
24,Birgit Kvamme,Motbakke BIL,49:23
25,Ragnhild Lien,Bygdelaget IL,36:46
26,Hanne Sæther,,43:06
27,Knut Grov,Stigningsklubben,34:59
28,Nora Bø,Løpeklubben Topp,47:20
29,Bjørn Rise,IL Fjellgeita,41:33
30,Mari Strand,,49:32
31,Sindre Lund,,45:51
32,Sindre Kvamme,IL Fjellgeita,39:53
33,Per Solheim,,48:52
34,Nora Rønning,Løpeklubben Topp,39:37
35,Ragnhild Bakke,Bygdelaget IL,45:21
36,Guro Bø,Løpeklubben Topp,35:46
37,Vegard Sæther,Motbakke BIL,45:36
38,Tone Nes,Dalen Idrettslag,35:17
39,Synnøve Solheim,Motbakke BIL,45:14
40,Ståle Rønning,Bygdelaget IL,36:01
41,Arne Haugen,Stigningsklubben,45:13
42,Liv Øvrebø,Bygdelaget IL,48:39
43,Hanne Hauge,,48:48
44,Aksel Rønning,Løpeklubben Topp,41:33
45,Knut Rønning,Motbakke BIL,44:05
46,Per Bakke,Motbakke BIL,50:22
47,Birgit Fjeld,Stigningsklubben,36:00
48,Anders Rønning,Løpeklubben Topp,48:08
49,Øyvind Olsen,Stigningsklubben,37:30
50,Nora Rise,Motbakke BIL,43:09
51,Ståle Vik,Bygdelaget IL,49:31
52,Arne Moen,Løpeklubben Topp,48:42
53,Øyvind Strand,Dalen Idrettslag,36:43
54,Lars Vik,Bygdelaget IL,51:10
55,Synnøve Øvrebø,IL Fjellgeita,46:12
56,Ola Øvrebø,Stigningsklubben,47:24
57,Per Nes,,39:54
58,Håkon Rønning,IL Fjellgeita,39:04
